id,genre,action,adventure,comedy,crime,drama,romance,sci-fi,thriller
tt0118771,"Action, Crime, Drama",1,0,0,1,1,0,0,0
tt1388394,Drama,0,0,0,0,1,0,0,0
tt0267248,Drama,0,0,0,0,1,0,0,0
tt0878804,Drama,0,0,0,0,1,0,0,0
tt0485522,"Drama, Romance",0,0,0,0,1,1,0,0
tt0119052,Drama,0,0,0,0,1,0,0,0
tt0192111,"Comedy, Romance",0,0,1,0,0,1,0,0
tt0358135,"Comedy, Drama, Romance",0,0,1,0,1,1,0,0
tt1627924,"Drama, Romance",0,0,0,0,1,1,0,0
tt0380732,"Drama, Thriller",0,0,0,0,1,0,0,1
tt1213574,Comedy,0,0,1,0,0,0,0,0
tt0175880,Drama,0,0,0,0,1,0,0,0
tt0913413,"Comedy, Drama",0,0,1,0,1,0,0,0
tt2239832,"Comedy, Romance",0,0,1,0,0,1,0,0
tt0100935,"Comedy, Crime, Thriller",0,0,1,1,0,0,0,1
tt0384793,Comedy,0,0,1,0,0,0,0,0
tt0113967,"Crime, Drama",0,0,0,1,1,0,0,0
tt0112819,"Action, Crime, Drama",1,0,0,1,1,0,0,0
tt0100944,"Adventure, Comedy",0,1,1,0,0,0,0,0
tt1598778,"Drama, Thriller",0,0,0,0,1,0,0,1
tt1636826,"Comedy, Crime",0,0,1,1,0,0,0,0
tt0091613,Drama,0,0,0,0,1,0,0,0
tt1179034,"Action, Thriller",1,0,0,0,0,0,0,1
tt0094208,"Drama, Romance",0,0,0,0,1,1,0,0
tt0089886,"Comedy, Romance, Sci-Fi",0,0,1,0,0,1,1,0
tt0273923,"Comedy, Drama",0,0,1,0,1,0,0,0
tt0918927,Drama,0,0,0,0,1,0,0,0
tt0250282,Comedy,0,0,1,0,0,0,0,0
tt0385726,Drama,0,0,0,0,1,0,0,0
tt0427392,"Sci-Fi, Thriller",0,0,0,0,0,0,1,1
tt0116745,"Crime, Drama",0,0,0,1,1,0,0,0
tt1582248,Drama,0,0,0,0,1,0,0,0
tt0094890,"Adventure, Comedy",0,1,1,0,0,0,0,0
tt2739338,Drama,0,0,0,0,1,0,0,0
tt0090670,"Crime, Drama",0,0,0,1,1,0,0,0
tt0450405,"Action, Adventure",1,1,0,0,0,0,0,0
tt0119237,"Comedy, Drama",0,0,1,0,1,0,0,0
tt0374563,"Crime, Thriller",0,0,0,1,0,0,0,1
tt0090142,Comedy,0,0,1,0,0,0,0,0
tt0093596,"Comedy, Romance",0,0,1,0,0,1,0,0
tt2094890,Drama,0,0,0,0,1,0,0,0
tt0443701,"Drama, Sci-Fi",0,0,0,0,1,0,1,0
tt0266747,Comedy,0,0,1,0,0,0,0,0
tt2209418,"Drama, Romance",0,0,0,0,1,1,0,0
tt0120008,"Action, Crime, Thriller",1,0,0,1,0,0,0,1
tt0235553,"Action, Comedy, Crime",1,0,1,1,0,0,0,0
tt0472181,"Adventure, Comedy",0,1,1,0,0,0,0,0
tt0225071,"Drama, Romance",0,0,0,0,1,1,0,0
tt0094739,Comedy,0,0,1,0,0,0,0,0
tt0087428,"Comedy, Drama, Romance",0,0,1,0,1,1,0,0
tt0387877,"Crime, Drama",0,0,0,1,1,0,0,0
tt0120873,"Action, Crime, Thriller",1,0,0,1,0,0,0,1
tt0116908,"Action, Crime, Drama",1,0,0,1,1,0,0,0
tt1083456,Comedy,0,0,1,0,0,0,0,0
tt1155076,"Action, Drama",1,0,0,0,1,0,0,0
tt1726592,"Drama, Thriller",0,0,0,0,1,0,0,1
tt0097457,Drama,0,0,0,0,1,0,0,0
tt0120623,"Adventure, Comedy",0,1,1,0,0,0,0,0
tt0278823,"Comedy, Romance",0,0,1,0,0,1,0,0
tt1464174,"Action, Comedy, Crime",1,0,1,1,0,0,0,0
tt2451742,Drama,0,0,0,0,1,0,0,0
tt0431308,"Drama, Romance",0,0,0,0,1,1,0,0
tt0107468,"Drama, Romance",0,0,0,0,1,1,0,0
tt0280674,Comedy,0,0,1,0,0,0,0,0
tt1258972,Action,1,0,0,0,0,0,0,0
tt1255951,Comedy,0,0,1,0,0,0,0,0
tt0109190,"Adventure, Comedy, Crime",0,1,1,1,0,0,0,0
tt0117420,"Action, Adventure, Thriller",1,1,0,0,0,0,0,1
tt0091954,Drama,0,0,0,0,1,0,0,0
tt1086772,"Comedy, Romance",0,0,1,0,0,1,0,0
tt0113442,"Comedy, Romance",0,0,1,0,0,1,0,0
tt0119152,"Adventure, Drama",0,1,0,0,1,0,0,0
tt0162677,"Crime, Drama, Romance",0,0,0,1,1,1,0,0
tt0087127,Adventure,0,1,0,0,0,0,0,0
tt0101629,"Drama, Romance",0,0,0,0,1,1,0,0
tt0172493,Drama,0,0,0,0,1,0,0,0
tt0098513,Drama,0,0,0,0,1,0,0,0
tt0427089,"Comedy, Romance",0,0,1,0,0,1,0,0
tt0116571,Comedy,0,0,1,0,0,0,0,0
tt0423294,Comedy,0,0,1,0,0,0,0,0
tt0264796,Drama,0,0,0,0,1,0,0,0
tt0117438,"Crime, Thriller",0,0,0,1,0,0,0,1
tt0101669,"Crime, Drama",0,0,0,1,1,0,0,0
tt1687281,"Comedy, Drama",0,0,1,0,1,0,0,0
tt0457513,Comedy,0,0,1,0,0,0,0,0
tt0095016,"Action, Thriller",1,0,0,0,0,0,0,1
tt0112442,"Action, Comedy, Crime",1,0,1,1,0,0,0,0
tt0113133,"Comedy, Drama",0,0,1,0,1,0,0,0
tt1995260,Drama,0,0,0,0,1,0,0,0
tt0246677,"Crime, Drama, Romance",0,0,0,1,1,1,0,0
tt0795461,Comedy,0,0,1,0,0,0,0,0
tt2278668,Comedy,0,0,1,0,0,0,0,0
tt0357585,"Comedy, Sci-Fi",0,0,1,0,0,0,1,0
tt0120586,"Crime, Drama",0,0,0,1,1,0,0,0
tt1213663,"Action, Comedy, Sci-Fi",1,0,1,0,0,0,1,0
tt0092718,"Comedy, Drama, Romance",0,0,1,0,1,1,0,0
tt0213790,Comedy,0,0,1,0,0,0,0,0
tt0116722,"Drama, Romance",0,0,0,0,1,1,0,0
tt0104802,Drama,0,0,0,0,1,0,0,0
tt0112887,"Action, Comedy, Crime",1,0,1,1,0,0,0,0
tt0119643,"Drama, Romance",0,0,0,0,1,1,0,0
tt0373051,"Action, Adventure",1,1,0,0,0,0,0,0
tt1629705,"Action, Adventure",1,1,0,0,0,0,0,0
tt0191397,Comedy,0,0,1,0,0,0,0,0
tt0093870,"Action, Crime, Sci-Fi",1,0,0,1,0,0,1,0
tt0113492,"Action, Crime, Sci-Fi",1,0,0,1,0,0,1,0
tt2359006,Action,1,0,0,0,0,0,0,0
tt0094889,"Comedy, Drama, Romance",0,0,1,0,1,1,0,0
tt0085334,Comedy,0,0,1,0,0,0,0,0
tt0088333,Comedy,0,0,1,0,0,0,0,0
tt0278295,"Action, Comedy, Crime",1,0,1,1,0,0,0,0
tt0477071,"Drama, Thriller",0,0,0,0,1,0,0,1
tt0091019,"Drama, Romance",0,0,0,0,1,1,0,0
tt1020558,"Action, Adventure, Drama",1,1,0,0,1,0,0,0
tt2223990,Drama,0,0,0,0,1,0,0,0
tt0100611,Comedy,0,0,1,0,0,0,0,0
tt1007028,"Comedy, Romance",0,0,1,0,0,1,0,0
tt0147004,"Comedy, Drama",0,0,1,0,1,0,0,0
tt0119153,"Action, Drama",1,0,0,0,1,0,0,0
tt1791500,"Comedy, Sci-Fi",0,0,1,0,0,0,1,0
tt1212909,Drama,0,0,0,0,1,0,0,0
tt1229340,Comedy,0,0,1,0,0,0,0,0
tt0109068,"Comedy, Crime",0,0,1,1,0,0,0,0
tt1273678,"Action, Comedy",1,0,1,0,0,0,0,0
tt0092226,"Comedy, Crime",0,0,1,1,0,0,0,0
tt0305206,"Comedy, Drama",0,0,1,0,1,0,0,0
tt0091554,"Crime, Romance",0,0,0,1,0,1,0,0
tt0114576,"Action, Crime, Thriller",1,0,0,1,0,0,0,1
tt0090567,"Crime, Thriller",0,0,0,1,0,0,0,1
tt1864405,Drama,0,0,0,0,1,0,0,0
tt0087957,Drama,0,0,0,0,1,0,0,0
tt1446192,Adventure,0,1,0,0,0,0,0,0
tt0113481,"Action, Crime, Sci-Fi",1,0,0,1,0,0,1,0
tt0201485,"Drama, Romance",0,0,0,0,1,1,0,0
tt0439815,"Comedy, Sci-Fi",0,0,1,0,0,0,1,0
tt1166100,"Action, Drama",1,0,0,0,1,0,0,0
tt0780595,Action,1,0,0,0,0,0,0,0
tt1311071,"Drama, Romance",0,0,0,0,1,1,0,0
tt0168786,Drama,0,0,0,0,1,0,0,0
tt0119528,Comedy,0,0,1,0,0,0,0,0
tt0120207,"Action, Crime, Sci-Fi",1,0,0,1,0,0,1,0
tt0096320,Comedy,0,0,1,0,0,0,0,0
tt0120866,"Drama, Thriller",0,0,0,0,1,0,0,1
tt1056441,"Comedy, Drama, Romance",0,0,1,0,1,1,0,0
tt0163579,"Action, Adventure, Comedy",1,1,1,0,0,0,0,0
tt2184339,Thriller,0,0,0,0,0,0,0,1
tt0116621,"Drama, Romance",0,0,0,0,1,1,0,0
tt0332280,"Drama, Romance",0,0,0,0,1,1,0,0
tt0117898,"Crime, Drama, Thriller",0,0,0,1,1,0,0,1
tt0117119,"Adventure, Comedy",0,1,1,0,0,0,0,0
tt2762334,"Action, Comedy, Romance",1,0,1,0,0,1,0,0
tt0104541,Drama,0,0,0,0,1,0,0,0
tt0094882,Drama,0,0,0,0,1,0,0,0
tt0164221,"Comedy, Drama, Romance",0,0,1,0,1,1,0,0
tt1748043,Action,1,0,0,0,0,0,0,0
tt0758766,"Comedy, Romance",0,0,1,0,0,1,0,0
tt0313196,"Drama, Romance",0,0,0,0,1,1,0,0
tt0113463,Drama,0,0,0,0,1,0,0,0
tt0134983,"Sci-Fi, Thriller",0,0,0,0,0,0,1,1
tt0187738,"Action, Sci-Fi",1,0,0,0,0,0,1,0
tt0479074,"Comedy, Drama",0,0,1,0,1,0,0,0
tt0283503,"Crime, Drama",0,0,0,1,1,0,0,0
tt1054588,Drama,0,0,0,0,1,0,0,0
tt0092104,"Comedy, Drama, Romance",0,0,1,0,1,1,0,0
tt0105807,"Comedy, Drama",0,0,1,0,1,0,0,0
tt0105459,"Action, Crime",1,0,0,1,0,0,0,0
tt0086374,Sci-Fi,0,0,0,0,0,0,1,0
tt1520498,Adventure,0,1,0,0,0,0,0,0
tt0125439,"Comedy, Drama, Romance",0,0,1,0,1,1,0,0
tt0086619,"Drama, Romance",0,0,0,0,1,1,0,0
tt2334873,Drama,0,0,0,0,1,0,0,0
tt0089543,"Comedy, Thriller",0,0,1,0,0,0,0,1
tt0168172,"Action, Comedy",1,0,1,0,0,0,0,0
tt0368580,"Action, Adventure, Drama",1,1,0,0,1,0,0,0
tt0120179,"Action, Crime, Romance",1,0,0,1,0,1,0,0
tt0311113,"Action, Adventure, Drama",1,1,0,0,1,0,0,0
tt1295909,Comedy,0,0,1,0,0,0,0,0
tt0102216,"Comedy, Romance",0,0,1,0,0,1,0,0
tt1212451,"Crime, Drama",0,0,0,1,1,0,0,0
tt0117705,"Adventure, Comedy",0,1,1,0,0,0,0,0
tt0327554,"Action, Crime",1,0,0,1,0,0,0,0
tt1322264,Drama,0,0,0,0,1,0,0,0
tt0088146,"Crime, Drama",0,0,0,1,1,0,0,0
tt0985699,"Drama, Thriller",0,0,0,0,1,0,0,1
tt1991245,Sci-Fi,0,0,0,0,0,0,1,0
tt0104897,"Action, Comedy, Crime",1,0,1,1,0,0,0,0
tt0103978,Comedy,0,0,1,0,0,0,0,0
tt0100604,"Comedy, Crime, Drama",0,0,1,1,1,0,0,0
tt1285252,Comedy,0,0,1,0,0,0,0,0
tt0114781,"Action, Thriller",1,0,0,0,0,0,0,1
tt1049405,"Comedy, Drama, Romance",0,0,1,0,1,1,0,0
tt0088414,"Comedy, Romance",0,0,1,0,0,1,0,0
tt0347368,Comedy,0,0,1,0,0,0,0,0
tt1175491,Drama,0,0,0,0,1,0,0,0
tt0102492,"Comedy, Drama",0,0,1,0,1,0,0,0
tt1277953,"Adventure, Comedy",0,1,1,0,0,0,0,0
tt0213203,"Adventure, Comedy",0,1,1,0,0,0,0,0
tt0122933,"Comedy, Crime",0,0,1,1,0,0,0,0
tt0245562,"Action, Drama",1,0,0,0,1,0,0,0
tt0476995,"Action, Comedy",1,0,1,0,0,0,0,0
tt2235108,"Comedy, Drama",0,0,1,0,1,0,0,0
tt0107927,"Crime, Drama, Thriller",0,0,0,1,1,0,0,1
tt1821549,"Adventure, Comedy, Drama",0,1,1,0,1,0,0,0
tt0113690,Thriller,0,0,0,0,0,0,0,1
tt1710396,Comedy,0,0,1,0,0,0,0,0
tt0118956,"Action, Adventure",1,1,0,0,0,0,0,0
tt1622547,"Action, Comedy, Crime",1,0,1,1,0,0,0,0
tt0396555,"Adventure, Comedy",0,1,1,0,0,0,0,0
tt0420087,"Comedy, Drama",0,0,1,0,1,0,0,0
tt0192949,"Comedy, Drama",0,0,1,0,1,0,0,0
tt0936471,Comedy,0,0,1,0,0,0,0,0
tt0131857,Comedy,0,0,1,0,0,0,0,0
tt0093186,"Comedy, Drama, Romance",0,0,1,0,1,1,0,0
tt0362478,Drama,0,0,0,0,1,0,0,0
tt0209163,"Action, Adventure",1,1,0,0,0,0,0,0
tt1045655,"Drama, Thriller",0,0,0,0,1,0,0,1
tt1213644,Comedy,0,0,1,0,0,0,0,0
tt0762105,"Comedy, Romance",0,0,1,0,0,1,0,0
tt0106350,"Drama, Romance",0,0,0,0,1,1,0,0
tt0499596,Drama,0,0,0,0,1,0,0,0
tt0217869,"Drama, Sci-Fi",0,0,0,0,1,0,1,0
tt0995031,Comedy,0,0,1,0,0,0,0,0
tt0102818,"Action, Drama, Thriller",1,0,0,0,1,0,0,1
tt0120632,"Drama, Romance",0,0,0,0,1,1,0,0
tt0109454,"Drama, Romance",0,0,0,0,1,1,0,0
tt0095927,"Comedy, Drama, Romance",0,0,1,0,1,1,0,0
tt0099512,"Comedy, Crime",0,0,1,1,0,0,0,0
tt0097507,Thriller,0,0,0,0,0,0,0,1
tt0109578,"Action, Crime, Drama",1,0,0,1,1,0,0,0
tt0091055,"Action, Adventure, Comedy",1,1,1,0,0,0,0,0
tt1605717,"Comedy, Drama",0,0,1,0,1,0,0,0
tt0106453,"Drama, Thriller",0,0,0,0,1,0,0,1
tt2442502,Comedy,0,0,1,0,0,0,0,0
tt0151137,"Adventure, Drama",0,1,0,0,1,0,0,0
tt0290212,"Comedy, Romance",0,0,1,0,0,1,0,0
tt0314170,"Adventure, Comedy, Crime",0,1,1,1,0,0,0,0
tt2387433,"Sci-Fi, Thriller",0,0,0,0,0,0,1,1
tt0118556,"Comedy, Romance",0,0,1,0,0,1,0,0
tt0093854,Comedy,0,0,1,0,0,0,0,0
tt0181836,"Action, Comedy",1,0,1,0,0,0,0,0
tt1111948,"Comedy, Drama",0,0,1,0,1,0,0,0
tt0475390,"Comedy, Drama",0,0,1,0,1,0,0,0
tt0217351,"Romance, Thriller",0,0,0,0,0,1,0,1
tt0333766,"Comedy, Drama, Romance",0,0,1,0,1,1,0,0
tt2765340,Drama,0,0,0,0,1,0,0,0
tt0266543,"Adventure, Comedy",0,1,1,0,0,0,0,0
tt0891527,"Drama, Thriller",0,0,0,0,1,0,0,1
tt0119819,"Comedy, Thriller",0,0,1,0,0,0,0,1
tt0955306,Drama,0,0,0,0,1,0,0,0
tt0115725,Comedy,0,0,1,0,0,0,0,0
tt0839742,Drama,0,0,0,0,1,0,0,0
tt0433412,"Comedy, Romance",0,0,1,0,0,1,0,0
tt0363988,Thriller,0,0,0,0,0,0,0,1
tt0431461,Comedy,0,0,1,0,0,0,0,0
tt0106868,"Adventure, Drama",0,1,0,0,1,0,0,0
tt0853096,"Crime, Drama",0,0,0,1,1,0,0,0
tt0109813,Comedy,0,0,1,0,0,0,0,0
tt0086143,"Comedy, Romance",0,0,1,0,0,1,0,0
tt0096171,"Drama, Romance",0,0,0,0,1,1,0,0
tt1477855,"Comedy, Drama",0,0,1,0,1,0,0,0
tt0115531,"Action, Comedy",1,0,1,0,0,0,0,0
tt1483010,"Comedy, Drama",0,0,1,0,1,0,0,0
tt1059786,"Action, Thriller",1,0,0,0,0,0,0,1
tt0094072,"Comedy, Romance",0,0,1,0,0,1,0,0
tt0250224,"Drama, Romance",0,0,0,0,1,1,0,0
tt1244659,Drama,0,0,0,0,1,0,0,0
tt0095274,"Drama, Romance",0,0,0,0,1,1,0,0
tt0115509,Adventure,0,1,0,0,0,0,0,0
tt0097567,Drama,0,0,0,0,1,0,0,0
tt0378072,"Comedy, Drama, Romance",0,0,1,0,1,1,0,0
tt0117951,Drama,0,0,0,0,1,0,0,0
tt0091282,"Action, Adventure, Comedy",1,1,1,0,0,0,0,0
tt0473488,"Crime, Drama",0,0,0,1,1,0,0,0
tt0276033,Comedy,0,0,1,0,0,0,0,0
tt0312841,Drama,0,0,0,0,1,0,0,0
tt1174041,"Comedy, Drama",0,0,1,0,1,0,0,0
tt0101761,Drama,0,0,0,0,1,0,0,0
tt0088000,Comedy,0,0,1,0,0,0,0,0
tt0098188,"Action, Crime, Drama",1,0,0,1,1,0,0,0
tt1389127,"Crime, Drama",0,0,0,1,1,0,0,0
tt1894476,"Drama, Romance, Thriller",0,0,0,0,1,1,0,1
tt0111333,Comedy,0,0,1,0,0,0,0,0
tt0342167,"Comedy, Drama",0,0,1,0,1,0,0,0
tt3569326,Comedy,0,0,1,0,0,0,0,0
tt0481369,"Drama, Thriller",0,0,0,0,1,0,0,1
tt0102943,"Comedy, Drama",0,0,1,0,1,0,0,0
tt0298814,"Action, Adventure, Sci-Fi",1,1,0,0,0,0,1,0
tt0783695,"Drama, Romance",0,0,0,0,1,1,0,0
tt0088846,"Drama, Sci-Fi",0,0,0,0,1,0,1,0
tt0106582,"Action, Adventure, Thriller",1,1,0,0,0,0,0,1
tt0110722,"Drama, Thriller",0,0,0,0,1,0,0,1
tt1193630,Drama,0,0,0,0,1,0,0,0
tt1618430,"Action, Crime, Drama",1,0,0,1,1,0,0,0
tt0204946,Comedy,0,0,1,0,0,0,0,0
tt1174732,Drama,0,0,0,0,1,0,0,0
tt0093276,"Action, Adventure, Drama",1,1,0,0,1,0,0,0
tt0432283,"Adventure, Comedy",0,1,1,0,0,0,0,0
tt0947810,"Action, Drama, Thriller",1,0,0,0,1,0,0,1
tt0099327,"Action, Adventure, Thriller",1,1,0,0,0,0,0,1
tt0327036,Comedy,0,0,1,0,0,0,0,0
tt0094961,"Action, Comedy",1,0,1,0,0,0,0,0
tt0102493,Drama,0,0,0,0,1,0,0,0
tt0210616,"Drama, Romance",0,0,0,0,1,1,0,0
tt0418206,Comedy,0,0,1,0,0,0,0,0
tt0092117,Comedy,0,0,1,0,0,0,0,0
tt0167427,"Comedy, Romance",0,0,1,0,0,1,0,0
tt0087015,Sci-Fi,0,0,0,0,0,0,1,0
tt0096061,"Comedy, Drama",0,0,1,0,1,0,0,0
tt0117998,"Action, Adventure, Drama",1,1,0,0,1,0,0,0
tt1458175,"Crime, Drama, Romance",0,0,0,1,1,1,0,0
tt0489281,Drama,0,0,0,0,1,0,0,0
tt0381971,"Adventure, Comedy",0,1,1,0,0,0,0,0
tt2011109,"Action, Sci-Fi",1,0,0,0,0,0,1,0
tt0101605,"Comedy, Drama",0,0,1,0,1,0,0,0
tt2066176,Drama,0,0,0,0,1,0,0,0
tt0265632,Comedy,0,0,1,0,0,0,0,0
tt0093175,"Comedy, Drama",0,0,1,0,1,0,0,0
tt0095145,"Comedy, Crime",0,0,1,1,0,0,0,0
tt0107818,Drama,0,0,0,0,1,0,0,0
tt0120710,"Drama, Thriller",0,0,0,0,1,0,0,1
tt0119116,"Action, Adventure, Sci-Fi",1,1,0,0,0,0,1,0
tt0138681,"Comedy, Crime, Drama",0,0,1,1,1,0,0,0
tt0875705,"Crime, Drama",0,0,0,1,1,0,0,0
tt2266938,Comedy,0,0,1,0,0,0,0,0
tt0099422,"Action, Comedy, Crime",1,0,1,1,0,0,0,0
tt0203755,"Comedy, Crime",0,0,1,1,0,0,0,0
tt0107626,Comedy,0,0,1,0,0,0,0,0
tt0425112,"Action, Comedy",1,0,1,0,0,0,0,0
tt1730687,"Comedy, Drama",0,0,1,0,1,0,0,0
tt0115836,Comedy,0,0,1,0,0,0,0,0
tt0118859,"Crime, Drama, Thriller",0,0,0,1,1,0,0,1
tt0448011,"Drama, Sci-Fi",0,0,0,0,1,0,1,0
tt0283426,Adventure,0,1,0,0,0,0,0,0
tt0110737,"Comedy, Romance",0,0,1,0,0,1,0,0
tt0108160,"Comedy, Drama, Romance",0,0,1,0,1,1,0,0
tt0337921,"Action, Crime, Thriller",1,0,0,1,0,0,0,1
tt0097240,"Crime, Drama",0,0,0,1,1,0,0,0
tt2130282,Drama,0,0,0,0,1,0,0,0
tt2737050,Drama,0,0,0,0,1,0,0,0
tt0097289,"Adventure, Comedy",0,1,1,0,0,0,0,0
tt0095186,"Comedy, Drama, Romance",0,0,1,0,1,1,0,0
tt0118570,"Comedy, Drama",0,0,1,0,1,0,0,0
tt0099699,"Comedy, Drama, Romance",0,0,1,0,1,1,0,0
tt0317705,"Action, Adventure",1,1,0,0,0,0,0,0
tt0109891,"Comedy, Crime",0,0,1,1,0,0,0,0
tt0335559,"Comedy, Romance",0,0,1,0,0,1,0,0
tt1690953,Comedy,0,0,1,0,0,0,0,0
tt0325055,"Drama, Romance",0,0,0,0,1,1,0,0
tt0293342,"Crime, Drama",0,0,0,1,1,0,0,0
tt0315273,Drama,0,0,0,0,1,0,0,0
tt0976222,"Comedy, Drama",0,0,1,0,1,0,0,0
tt0101984,Drama,0,0,0,0,1,0,0,0
tt0113362,"Adventure, Drama, Romance",0,1,0,0,1,1,0,0
tt0116830,"Action, Crime, Drama",1,0,0,1,1,0,0,0
tt0452623,"Crime, Drama",0,0,0,1,1,0,0,0
tt0302886,Comedy,0,0,1,0,0,0,0,0
tt0115963,Drama,0,0,0,0,1,0,0,0
tt0098112,Drama,0,0,0,0,1,0,0,0
tt2345112,Drama,0,0,0,0,1,0,0,0
tt0114069,"Action, Drama, Thriller",1,0,0,0,1,0,0,1
tt1413495,"Drama, Thriller",0,0,0,0,1,0,0,1
tt1183251,"Crime, Drama",0,0,0,1,1,0,0,0
tt1242460,"Drama, Thriller",0,0,0,0,1,0,0,1
tt1182908,"Action, Comedy, Crime",1,0,1,1,0,0,0,0
tt0281373,"Adventure, Comedy",0,1,1,0,0,0,0,0
tt0113737,Adventure,0,1,0,0,0,0,0,0
tt0163978,"Adventure, Drama, Thriller",0,1,0,0,1,0,0,1
tt1272878,"Action, Comedy, Crime",1,0,1,1,0,0,0,0
tt0120102,"Adventure, Drama",0,1,0,0,1,0,0,0
tt0465602,"Action, Comedy, Crime",1,0,1,1,0,0,0,0
tt0197311,Drama,0,0,0,0,1,0,0,0
tt0137523,Drama,0,0,0,0,1,0,0,0
tt0208988,"Action, Crime, Drama",1,0,0,1,1,0,0,0
tt0103872,Comedy,0,0,1,0,0,0,0,0
tt0166943,Drama,0,0,0,0,1,0,0,0
tt0098308,Comedy,0,0,1,0,0,0,0,0
tt0138704,"Drama, Thriller",0,0,0,0,1,0,0,1
tt0109450,Drama,0,0,0,0,1,0,0,0
tt1449283,"Adventure, Comedy",0,1,1,0,0,0,0,0
tt0268978,Drama,0,0,0,0,1,0,0,0
tt1687277,"Drama, Thriller",0,0,0,0,1,0,0,1
tt0116823,Comedy,0,0,1,0,0,0,0,0
tt0086312,Drama,0,0,0,0,1,0,0,0
tt0246578,"Drama, Sci-Fi, Thriller",0,0,0,0,1,0,1,1
tt0087747,"Comedy, Drama, Romance",0,0,1,0,1,1,0,0
tt0090264,"Action, Adventure, Thriller",1,1,0,0,0,0,0,1
tt0097733,"Action, Crime, Thriller",1,0,0,1,0,0,0,1
tt0089421,"Action, Adventure, Comedy",1,1,1,0,0,0,0,0
tt0490196,Comedy,0,0,1,0,0,0,0,0
tt0096316,Drama,0,0,0,0,1,0,0,0
tt0087464,Sci-Fi,0,0,0,0,0,0,1,0
tt1613062,Drama,0,0,0,0,1,0,0,0
tt0166924,"Drama, Thriller",0,0,0,0,1,0,0,1
tt3716142,"Comedy, Romance",0,0,1,0,0,1,0,0
tt0416185,Drama,0,0,0,0,1,0,0,0
tt0166896,Drama,0,0,0,0,1,0,0,0
tt0402595,Comedy,0,0,1,0,0,0,0,0
tt0086006,"Action, Adventure, Thriller",1,1,0,0,0,0,0,1
tt1650554,"Action, Comedy, Crime",1,0,1,1,0,0,0,0
tt0307479,"Drama, Romance",0,0,0,0,1,1,0,0
tt1945062,Drama,0,0,0,0,1,0,0,0
tt0790804,Comedy,0,0,1,0,0,0,0,0
tt0109045,Comedy,0,0,1,0,0,0,0,0
tt1386588,"Action, Comedy, Crime",1,0,1,1,0,0,0,0
tt0091534,Comedy,0,0,1,0,0,0,0,0
tt0088153,Drama,0,0,0,0,1,0,0,0
tt0099731,"Drama, Romance, Sci-Fi",0,0,0,0,1,1,1,0
tt0107091,"Comedy, Drama",0,0,1,0,1,0,0,0
tt0113089,Drama,0,0,0,0,1,0,0,0
tt0225196,"Comedy, Drama",0,0,1,0,1,0,0,0
tt0251739,Comedy,0,0,1,0,0,0,0,0
tt0490210,"Action, Crime, Drama",1,0,0,1,1,0,0,0
tt0112851,"Action, Crime, Thriller",1,0,0,1,0,0,0,1
tt0239948,"Comedy, Crime, Romance",0,0,1,1,0,1,0,0
tt0341266,Thriller,0,0,0,0,0,0,0,1
tt0424823,"Comedy, Crime",0,0,1,1,0,0,0,0
tt0465142,Comedy,0,0,1,0,0,0,0,0
tt0452702,Thriller,0,0,0,0,0,0,0,1
tt0111218,"Comedy, Drama",0,0,1,0,1,0,0,0
tt0372873,"Action, Drama",1,0,0,0,1,0,0,0
tt0109456,"Drama, Romance",0,0,0,0,1,1,0,0
tt0112740,"Action, Drama, Thriller",1,0,0,0,1,0,0,1
tt0101371,"Comedy, Drama",0,0,1,0,1,0,0,0
tt0097499,"Action, Drama",1,0,0,0,1,0,0,0
tt0492044,Drama,0,0,0,0,1,0,0,0
tt0106873,"Comedy, Crime, Thriller",0,0,1,1,0,0,0,1
tt1027862,"Comedy, Drama",0,0,1,0,1,0,0,0
tt0204137,"Crime, Drama",0,0,0,1,1,0,0,0
tt1222817,"Comedy, Romance",0,0,1,0,0,1,0,0
tt1669846,Drama,0,0,0,0,1,0,0,0
tt0356721,Comedy,0,0,1,0,0,0,0,0
tt2435458,"Comedy, Drama",0,0,1,0,1,0,0,0
tt0116508,"Drama, Thriller",0,0,0,0,1,0,0,1
tt0113451,"Crime, Drama, Thriller",0,0,0,1,1,0,0,1
tt0120670,"Action, Thriller",1,0,0,0,0,0,0,1
tt1872818,"Comedy, Drama",0,0,1,0,1,0,0,0
tt0102511,Drama,0,0,0,0,1,0,0,0
tt2212008,"Crime, Drama, Thriller",0,0,0,1,1,0,0,1
tt1034032,"Action, Sci-Fi, Thriller",1,0,0,0,0,0,1,1
tt0264150,"Comedy, Romance",0,0,1,0,0,1,0,0
tt1650043,Comedy,0,0,1,0,0,0,0,0
tt0088889,"Comedy, Thriller",0,0,1,0,0,0,0,1
tt0385878,Drama,0,0,0,0,1,0,0,0
tt0258351,Drama,0,0,0,0,1,0,0,0
tt0091051,"Action, Comedy, Crime",1,0,1,1,0,0,0,0
tt1278060,"Action, Crime",1,0,0,1,0,0,0,0
tt0120722,"Comedy, Drama, Romance",0,0,1,0,1,1,0,0
tt0099938,"Action, Comedy, Crime",1,0,1,1,0,0,0,0
tt1121931,"Action, Crime, Sci-Fi",1,0,0,1,0,0,1,0
tt0108122,"Comedy, Drama",0,0,1,0,1,0,0,0
tt0090576,"Drama, Romance",0,0,0,0,1,1,0,0
tt0376994,"Action, Adventure, Sci-Fi",1,1,0,0,0,0,1,0
tt0433442,Thriller,0,0,0,0,0,0,0,1
tt1302067,"Adventure, Comedy",0,1,1,0,0,0,0,0
tt2992552,"Action, Drama",1,0,0,0,1,0,0,0
tt1535438,"Comedy, Drama, Romance",0,0,1,0,1,1,0,0
tt0910936,"Action, Comedy, Crime",1,0,1,1,0,0,0,0
tt0311648,"Comedy, Drama",0,0,1,0,1,0,0,0
tt1623288,"Adventure, Comedy",0,1,1,0,0,0,0,0
tt1210819,"Action, Adventure",1,1,0,0,0,0,0,0
tt0089129,Drama,0,0,0,0,1,0,0,0
tt0376890,"Comedy, Drama",0,0,1,0,1,0,0,0
tt0248126,"Drama, Romance",0,0,0,0,1,1,0,0
tt0113957,"Action, Crime, Drama",1,0,0,1,1,0,0,0
tt0248169,Comedy,0,0,1,0,0,0,0,0
tt0760160,Drama,0,0,0,0,1,0,0,0
tt0257106,Comedy,0,0,1,0,0,0,0,0
tt0372183,"Action, Thriller",1,0,0,0,0,0,0,1
tt0115742,"Drama, Romance",0,0,0,0,1,1,0,0
tt0097937,Drama,0,0,0,0,1,0,0,0
tt0120686,"Comedy, Drama",0,0,1,0,1,0,0,0
tt0101615,"Comedy, Romance",0,0,1,0,0,1,0,0
tt1535970,"Drama, Thriller",0,0,0,0,1,0,0,1
tt0285728,"Crime, Drama",0,0,0,1,1,0,0,0
tt3125324,Drama,0,0,0,0,1,0,0,0
tt1079964,Drama,0,0,0,0,1,0,0,0
tt0245120,Thriller,0,0,0,0,0,0,0,1
tt0144142,"Comedy, Drama",0,0,1,0,1,0,0,0
tt0111255,"Action, Crime, Drama",1,0,0,1,1,0,0,0
tt1872181,"Action, Adventure",1,1,0,0,0,0,0,0
tt0154420,Drama,0,0,0,0,1,0,0,0
tt3173910,"Comedy, Romance",0,0,1,0,0,1,0,0
tt1253864,"Action, Drama",1,0,0,0,1,0,0,0
tt0417614,Drama,0,0,0,0,1,0,0,0
tt0775543,"Drama, Romance",0,0,0,0,1,1,0,0
tt0103184,"Action, Comedy, Crime",1,0,1,1,0,0,0,0
tt0087182,"Action, Adventure, Sci-Fi",1,1,0,0,0,0,1,0
tt0095288,"Comedy, Romance",0,0,1,0,0,1,0,0
tt2265398,"Comedy, Drama, Romance",0,0,1,0,1,1,0,0
tt1640459,"Action, Comedy, Thriller",1,0,1,0,0,0,0,1
tt0105480,"Drama, Thriller",0,0,0,0,1,0,0,1
tt0328828,"Comedy, Romance",0,0,1,0,0,1,0,0
tt0488414,"Action, Crime, Drama",1,0,0,1,1,0,0,0
tt1034314,"Action, Comedy, Sci-Fi",1,0,1,0,0,0,1,0
tt0249462,Drama,0,0,0,0,1,0,0,0
tt0102517,Comedy,0,0,1,0,0,0,0,0
tt1152758,"Crime, Drama",0,0,0,1,1,0,0,0
tt0481797,"Comedy, Drama",0,0,1,0,1,0,0,0
tt0116168,Comedy,0,0,1,0,0,0,0,0
tt0114536,Comedy,0,0,1,0,0,0,0,0
tt0094021,"Action, Comedy, Crime",1,0,1,1,0,0,0,0
tt1430615,"Drama, Romance",0,0,0,0,1,1,0,0
tt0110364,Comedy,0,0,1,0,0,0,0,0
tt0087425,"Comedy, Romance",0,0,1,0,0,1,0,0
tt0444682,Thriller,0,0,0,0,0,0,0,1
tt1604589,Comedy,0,0,1,0,0,0,0,0
tt1629376,"Drama, Thriller",0,0,0,0,1,0,0,1
tt1488555,Comedy,0,0,1,0,0,0,0,0
tt0478311,"Comedy, Romance",0,0,1,0,0,1,0,0
tt0117247,"Comedy, Drama, Romance",0,0,1,0,1,1,0,0
tt0347332,"Action, Drama",1,0,0,0,1,0,0,0
tt0092632,"Crime, Drama",0,0,0,1,1,0,0,0
tt0087755,"Comedy, Drama",0,0,1,0,1,0,0,0
tt0164912,"Adventure, Comedy",0,1,1,0,0,0,0,0
tt0826547,"Comedy, Drama",0,0,1,0,1,0,0,0
tt0811137,Comedy,0,0,1,0,0,0,0,0
tt0424345,Comedy,0,0,1,0,0,0,0,0
tt0970179,"Adventure, Drama",0,1,0,0,1,0,0,0
tt0270417,"Comedy, Romance",0,0,1,0,0,1,0,0
tt0113533,"Adventure, Comedy, Drama",0,1,1,0,1,0,0,0
tt0464141,"Drama, Thriller",0,0,0,0,1,0,0,1
tt3175038,"Action, Crime, Drama",1,0,0,1,1,0,0,0
tt1129442,"Action, Adventure, Crime",1,1,0,1,0,0,0,0
tt1408101,"Action, Adventure, Sci-Fi",1,1,0,0,0,0,1,0
tt3210686,Drama,0,0,0,0,1,0,0,0
tt0104427,"Crime, Drama",0,0,0,1,1,0,0,0
tt0110322,"Drama, Romance",0,0,0,0,1,1,0,0
tt0929425,"Crime, Drama",0,0,0,1,1,0,0,0
tt0480269,Drama,0,0,0,0,1,0,0,0
tt1663143,"Adventure, Comedy",0,1,1,0,0,0,0,0
tt1122836,"Comedy, Sci-Fi",0,0,1,0,0,0,1,0
tt0092843,Drama,0,0,0,0,1,0,0,0
tt0335266,"Drama, Romance",0,0,0,0,1,1,0,0
tt0110066,Comedy,0,0,1,0,0,0,0,0
tt0112471,"Drama, Romance",0,0,0,0,1,1,0,0
tt2553908,Drama,0,0,0,0,1,0,0,0
tt0490084,"Comedy, Romance",0,0,1,0,0,1,0,0
tt0099594,Drama,0,0,0,0,1,0,0,0
tt2062484,"Action, Adventure",1,1,0,0,0,0,0,0
tt0246002,"Comedy, Drama",0,0,1,0,1,0,0,0
tt0253798,Comedy,0,0,1,0,0,0,0,0
tt0119644,Comedy,0,0,1,0,0,0,0,0
tt0101523,Comedy,0,0,1,0,0,0,0,0
tt1972779,"Drama, Romance",0,0,0,0,1,1,0,0
tt0090329,"Crime, Drama, Romance",0,0,0,1,1,1,0,0
tt0437863,"Comedy, Romance",0,0,1,0,0,1,0,0
tt0810988,Drama,0,0,0,0,1,0,0,0
tt0120857,"Comedy, Drama",0,0,1,0,1,0,0,0
tt2106739,"Comedy, Drama",0,0,1,0,1,0,0,0
tt0118863,"Comedy, Crime",0,0,1,1,0,0,0,0
tt0100419,Comedy,0,0,1,0,0,0,0,0
tt0217756,Comedy,0,0,1,0,0,0,0,0
tt0090713,"Comedy, Drama",0,0,1,0,1,0,0,0
tt0315327,"Comedy, Drama",0,0,1,0,1,0,0,0
tt0089791,"Adventure, Comedy",0,1,1,0,0,0,0,0
tt0362129,"Comedy, Romance",0,0,1,0,0,1,0,0
tt0240515,Comedy,0,0,1,0,0,0,0,0
tt0086873,"Comedy, Romance",0,0,1,0,0,1,0,0
tt0089444,"Comedy, Drama",0,0,1,0,1,0,0,0
tt0286947,"Comedy, Crime",0,0,1,1,0,0,0,0
tt0373746,Crime,0,0,0,1,0,0,0,0
tt2318527,Comedy,0,0,1,0,0,0,0,0
tt0265029,"Comedy, Romance",0,0,1,0,0,1,0,0
tt0108551,Drama,0,0,0,0,1,0,0,0
tt2218003,"Crime, Drama",0,0,0,1,1,0,0,0
tt1859650,"Comedy, Romance",0,0,1,0,0,1,0,0
tt0110657,"Action, Drama",1,0,0,0,1,0,0,0
tt0120899,"Comedy, Drama",0,0,1,0,1,0,0,0
tt0202402,"Comedy, Drama, Romance",0,0,1,0,1,1,0,0
tt0100680,"Drama, Romance",0,0,0,0,1,1,0,0
tt0956038,"Drama, Romance",0,0,0,0,1,1,0,0
tt1042877,Drama,0,0,0,0,1,0,0,0
tt1031562,Comedy,0,0,1,0,0,0,0,0
tt0893412,"Comedy, Drama, Romance",0,0,1,0,1,1,0,0
tt3460726,"Drama, Romance",0,0,0,0,1,1,0,0
tt0832906,"Comedy, Drama",0,0,1,0,1,0,0,0
tt0105417,"Comedy, Crime",0,0,1,1,0,0,0,0
tt0134630,"Comedy, Drama",0,0,1,0,1,0,0,0
tt0235737,"Crime, Drama",0,0,0,1,1,0,0,0
tt0338096,"Drama, Romance",0,0,0,0,1,1,0,0
tt0086541,Sci-Fi,0,0,0,0,0,0,1,0
tt0097328,"Comedy, Crime, Drama",0,0,1,1,1,0,0,0
tt0102713,Drama,0,0,0,0,1,0,0,0
tt0115472,Adventure,0,1,0,0,0,0,0,0
tt0199753,"Action, Sci-Fi, Thriller",1,0,0,0,0,0,1,1
tt1041753,Comedy,0,0,1,0,0,0,0,0
tt1133993,"Comedy, Crime, Romance",0,0,1,1,0,1,0,0
tt0316396,Adventure,0,1,0,0,0,0,0,0
tt0804461,"Action, Crime, Drama",1,0,0,1,1,0,0,0
tt0251756,"Action, Romance, Thriller",1,0,0,0,0,1,0,1
tt0107207,Drama,0,0,0,0,1,0,0,0
tt0101316,"Drama, Romance",0,0,0,0,1,1,0,0
tt2388637,"Crime, Drama, Romance",0,0,0,1,1,1,0,0
tt0089755,"Drama, Romance",0,0,0,0,1,1,0,0
tt1262981,"Comedy, Drama",0,0,1,0,1,0,0,0
tt0109593,Drama,0,0,0,0,1,0,0,0
tt0963966,"Action, Adventure",1,1,0,0,0,0,0,0
tt2304459,Drama,0,0,0,0,1,0,0,0
tt0109446,"Crime, Drama",0,0,0,1,1,0,0,0
tt0120655,"Adventure, Comedy",0,1,1,0,0,0,0,0
tt0124879,"Comedy, Drama",0,0,1,0,1,0,0,0
tt0293662,"Action, Crime, Thriller",1,0,0,1,0,0,0,1
tt0110759,Comedy,0,0,1,0,0,0,0,0
tt2310332,Adventure,0,1,0,0,0,0,0,0
tt0113501,"Action, Crime, Drama",1,0,0,1,1,0,0,0
tt0097647,"Action, Drama",1,0,0,0,1,0,0,0
tt1981080,"Action, Drama",1,0,0,0,1,0,0,0
tt0200465,"Crime, Drama, Thriller",0,0,0,1,1,0,0,1
tt0124718,Drama,0,0,0,0,1,0,0,0
tt0114496,"Comedy, Drama, Romance",0,0,1,0,1,1,0,0
tt0107613,"Comedy, Romance",0,0,1,0,0,1,0,0
tt3086582,"Drama, Romance",0,0,0,0,1,1,0,0
tt0097044,"Comedy, Romance",0,0,1,0,0,1,0,0
tt1641624,"Comedy, Drama",0,0,1,0,1,0,0,0
tt0120271,"Drama, Romance",0,0,0,0,1,1,0,0
tt0286244,"Comedy, Drama",0,0,1,0,1,0,0,0
tt0111732,"Comedy, Drama",0,0,1,0,1,0,0,0
tt2545338,Drama,0,0,0,0,1,0,0,0
tt0085387,"Action, Comedy",1,0,1,0,0,0,0,0
tt0090774,Comedy,0,0,1,0,0,0,0,0
tt0096463,"Comedy, Drama, Romance",0,0,1,0,1,1,0,0
tt0111693,"Drama, Romance",0,0,0,0,1,1,0,0
tt0108451,"Comedy, Drama, Romance",0,0,1,0,1,1,0,0
tt0090863,Drama,0,0,0,0,1,0,0,0
tt0298148,"Adventure, Comedy",0,1,1,0,0,0,0,0
tt0094934,Drama,0,0,0,0,1,0,0,0
tt1563704,Drama,0,0,0,0,1,0,0,0
tt0093565,"Comedy, Drama, Romance",0,0,1,0,1,1,0,0
tt0244709,"Drama, Romance",0,0,0,0,1,1,0,0
tt1720172,Thriller,0,0,0,0,0,0,0,1
tt0337592,"Comedy, Drama, Romance",0,0,1,0,1,1,0,0
tt0164334,Thriller,0,0,0,0,0,0,0,1
tt0090209,"Comedy, Crime, Drama",0,0,1,1,1,0,0,0
tt0115837,"Drama, Romance",0,0,0,0,1,1,0,0
tt0369672,Drama,0,0,0,0,1,0,0,0
tt2241069,Thriller,0,0,0,0,0,0,0,1
tt0800027,"Drama, Romance",0,0,0,0,1,1,0,0
tt0113199,"Comedy, Drama",0,0,1,0,1,0,0,0
tt1858776,Comedy,0,0,1,0,0,0,0,0
tt0086192,"Action, Crime, Drama",1,0,0,1,1,0,0,0
tt0978759,"Crime, Drama",0,0,0,1,1,0,0,0
tt0093315,Comedy,0,0,1,0,0,0,0,0
tt1394192,"Action, Adventure, Drama",1,1,0,0,1,0,0,0
tt0090934,"Drama, Romance",0,0,0,0,1,1,0,0
tt2076220,Drama,0,0,0,0,1,0,0,0
tt0091630,"Comedy, Sci-Fi",0,0,1,0,0,0,1,0
tt0409947,Drama,0,0,0,0,1,0,0,0
tt1039903,Comedy,0,0,1,0,0,0,0,0
tt0093828,"Action, Comedy, Sci-Fi",1,0,1,0,0,0,1,0
tt0120828,"Action, Adventure, Comedy",1,1,1,0,0,0,0,0
tt0246404,Thriller,0,0,0,0,0,0,0,1
tt0314006,"Action, Crime, Drama",1,0,0,1,1,0,0,0
tt0997047,"Adventure, Comedy, Drama",0,1,1,0,1,0,0,0
tt0088683,Drama,0,0,0,0,1,0,0,0
tt1153690,Drama,0,0,0,0,1,0,0,0
tt3043630,"Drama, Romance",0,0,0,0,1,1,0,0
tt0086200,"Comedy, Crime, Drama",0,0,1,1,1,0,0,0
tt0116531,"Comedy, Crime, Romance",0,0,1,1,0,1,0,0
tt0113189,"Action, Adventure, Sci-Fi",1,1,0,0,0,0,1,0
tt0099012,"Comedy, Romance",0,0,1,0,0,1,0,0
tt0115645,"Crime, Drama",0,0,0,1,1,0,0,0
tt0116311,Comedy,0,0,1,0,0,0,0,0
tt0821642,Drama,0,0,0,0,1,0,0,0
tt0119896,"Comedy, Drama, Romance",0,0,1,0,1,1,0,0
tt0790602,"Action, Drama, Thriller",1,0,0,0,1,0,0,1
tt0243415,"Action, Crime, Drama",1,0,0,1,1,0,0,0
tt0261066,Drama,0,0,0,0,1,0,0,0
tt0265591,"Comedy, Drama, Romance",0,0,1,0,1,1,0,0
tt0101787,"Drama, Romance",0,0,0,0,1,1,0,0
tt0114928,"Drama, Thriller",0,0,0,0,1,0,0,1
tt0389860,"Comedy, Drama",0,0,1,0,1,0,0,0
tt1860353,"Adventure, Comedy",0,1,1,0,0,0,0,0
tt0120616,"Action, Adventure",1,1,0,0,0,0,0,0
tt0319524,"Comedy, Drama, Romance",0,0,1,0,1,1,0,0
tt2828840,Action,1,0,0,0,0,0,0,0
tt0120601,"Comedy, Drama",0,0,1,0,1,0,0,0
tt0159421,"Adventure, Comedy",0,1,1,0,0,0,0,0
tt1691920,Drama,0,0,0,0,1,0,0,0
tt1533749,"Action, Drama",1,0,0,0,1,0,0,0
tt1483013,"Action, Adventure",1,1,0,0,0,0,0,0
tt0099575,"Action, Adventure",1,1,0,0,0,0,0,0
tt0482571,"Drama, Sci-Fi",0,0,0,0,1,0,1,0
tt0138097,"Comedy, Drama, Romance",0,0,1,0,1,1,0,0
tt0091939,"Comedy, Romance",0,0,1,0,0,1,0,0
tt1843866,"Action, Adventure, Sci-Fi",1,1,0,0,0,0,1,0
tt0870122,"Comedy, Drama",0,0,1,0,1,0,0,0
tt0085919,"Comedy, Drama",0,0,1,0,1,0,0,0
tt0453467,"Action, Sci-Fi, Thriller",1,0,0,0,0,0,1,1
tt0105665,Drama,0,0,0,0,1,0,0,0
tt0107985,Comedy,0,0,1,0,0,0,0,0
tt0487156,"Action, Drama",1,0,0,0,1,0,0,0
tt0111488,"Crime, Drama, Thriller",0,0,0,1,1,0,0,1
tt2017038,"Action, Adventure, Drama",1,1,0,0,1,0,0,0
tt0422774,"Comedy, Drama",0,0,1,0,1,0,0,0
tt1198101,"Action, Drama, Romance",1,0,0,0,1,1,0,0
tt0089601,"Comedy, Romance",0,0,1,0,0,1,0,0
tt1433540,"Adventure, Comedy",0,1,1,0,0,0,0,0
tt0087260,Comedy,0,0,1,0,0,0,0,0
tt0326900,"Comedy, Drama",0,0,1,0,1,0,0,0
tt0091579,Comedy,0,0,1,0,0,0,0,0
tt0122642,"Action, Crime",1,0,0,1,0,0,0,0
tt0206634,"Drama, Sci-Fi, Thriller",0,0,0,0,1,0,1,1
tt0095532,"Drama, Thriller",0,0,0,0,1,0,0,1
tt0104107,Drama,0,0,0,0,1,0,0,0
tt0450259,"Adventure, Drama, Thriller",0,1,0,0,1,0,0,1
tt1978480,Drama,0,0,0,0,1,0,0,0
tt2063781,Drama,0,0,0,0,1,0,0,0
tt2294629,"Adventure, Comedy",0,1,1,0,0,0,0,0
tt0244244,"Action, Crime, Thriller",1,0,0,1,0,0,0,1
tt1496025,Action,1,0,0,0,0,0,0,0
tt0085382,Thriller,0,0,0,0,0,0,0,1
tt0190590,"Adventure, Comedy, Crime",0,1,1,1,0,0,0,0
tt0092112,Comedy,0,0,1,0,0,0,0,0
tt0102744,"Action, Adventure, Drama",1,1,0,0,1,0,0,0
tt0161100,"Comedy, Drama, Romance",0,0,1,0,1,1,0,0
tt1810697,"Crime, Drama",0,0,0,1,1,0,0,0
tt1385826,"Romance, Sci-Fi, Thriller",0,0,0,0,0,1,1,1
tt0089839,Comedy,0,0,1,0,0,0,0,0
tt1430612,"Action, Crime, Drama",1,0,0,1,1,0,0,0
tt2178470,"Comedy, Drama",0,0,1,0,1,0,0,0
tt0096425,"Action, Sci-Fi",1,0,0,0,0,0,1,0
tt0105719,"Comedy, Thriller",0,0,1,0,0,0,0,1
tt2582802,Drama,0,0,0,0,1,0,0,0
tt1620719,"Action, Comedy, Crime",1,0,1,1,0,0,0,0
tt0096324,"Drama, Romance",0,0,0,0,1,1,0,0
tt0092559,"Comedy, Drama, Romance",0,0,1,0,1,1,0,0
tt0158371,"Comedy, Drama",0,0,1,0,1,0,0,0
tt0181151,"Comedy, Sci-Fi",0,0,1,0,0,0,1,0
tt0290210,Drama,0,0,0,0,1,0,0,0
tt0088213,"Drama, Romance",0,0,0,0,1,1,0,0
tt1587707,Comedy,0,0,1,0,0,0,0,0
tt2404463,"Action, Comedy, Crime",1,0,1,1,0,0,0,0
tt0265148,"Drama, Romance",0,0,0,0,1,1,0,0
tt0118665,"Comedy, Crime",0,0,1,1,0,0,0,0
tt0892318,"Comedy, Drama, Romance",0,0,1,0,1,1,0,0
tt1415283,Comedy,0,0,1,0,0,0,0,0
tt0102719,Comedy,0,0,1,0,0,0,0,0
tt0098260,Drama,0,0,0,0,1,0,0,0
tt0120696,"Action, Crime, Drama",1,0,0,1,1,0,0,0
tt0458525,"Action, Adventure, Sci-Fi",1,1,0,0,0,0,1,0
tt0486822,"Drama, Thriller",0,0,0,0,1,0,0,1
tt0274166,"Action, Adventure, Comedy",1,1,1,0,0,0,0,0
tt0097778,"Comedy, Romance",0,0,1,0,0,1,0,0
tt0951216,"Comedy, Crime, Thriller",0,0,1,1,0,0,0,1
tt1639426,Drama,0,0,0,0,1,0,0,0
tt0290332,Comedy,0,0,1,0,0,0,0,0
tt0195778,"Drama, Romance",0,0,0,0,1,1,0,0
tt0330069,Comedy,0,0,1,0,0,0,0,0
tt1336608,"Comedy, Drama",0,0,1,0,1,0,0,0
tt0120685,"Action, Sci-Fi, Thriller",1,0,0,0,0,0,1,1
tt1253853,Drama,0,0,0,0,1,0,0,0
tt0096454,"Comedy, Crime",0,0,1,1,0,0,0,0
tt2278871,"Drama, Romance",0,0,0,0,1,1,0,0
tt0253126,"Action, Comedy, Drama",1,0,1,0,1,0,0,0
tt0093626,"Sci-Fi, Thriller",0,0,0,0,0,0,1,1
tt0846308,Drama,0,0,0,0,1,0,0,0
tt0105211,Drama,0,0,0,0,1,0,0,0
tt0775076,Drama,0,0,0,0,1,0,0,0
tt0102592,"Crime, Drama",0,0,0,1,1,0,0,0
tt0087727,"Action, Adventure, Drama",1,1,0,0,1,0,0,0
tt1787988,"Crime, Drama",0,0,0,1,1,0,0,0
tt0157472,"Action, Adventure, Comedy",1,1,1,0,0,0,0,0
tt1067774,"Adventure, Comedy",0,1,1,0,0,0,0,0
tt0093690,Comedy,0,0,1,0,0,0,0,0
tt0098631,Drama,0,0,0,0,1,0,0,0
tt2980516,"Drama, Romance",0,0,0,0,1,1,0,0
tt1316616,Drama,0,0,0,0,1,0,0,0
tt1496422,"Drama, Thriller",0,0,0,0,1,0,0,1
tt2012011,"Drama, Thriller",0,0,0,0,1,0,0,1
tt0114924,"Comedy, Drama, Romance",0,0,1,0,1,1,0,0
tt0087054,"Comedy, Drama, Romance",0,0,1,0,1,1,0,0
tt0103859,"Comedy, Drama, Romance",0,0,1,0,1,1,0,0
tt1813440,Drama,0,0,0,0,1,0,0,0
tt0092074,"Comedy, Sci-Fi",0,0,1,0,0,0,1,0
tt1049402,Drama,0,0,0,0,1,0,0,0
tt0120679,"Drama, Romance",0,0,0,0,1,1,0,0
tt0477392,Drama,0,0,0,0,1,0,0,0
tt0090685,"Comedy, Romance",0,0,1,0,0,1,0,0
tt0419946,"Action, Drama, Thriller",1,0,0,0,1,0,0,1
tt2215366,Thriller,0,0,0,0,0,0,0,1
tt0118836,Comedy,0,0,1,0,0,0,0,0
tt0095583,"Action, Crime",1,0,0,1,0,0,0,0
tt0398842,"Adventure, Drama",0,1,0,0,1,0,0,0
tt0102749,"Comedy, Crime",0,0,1,1,0,0,0,0
tt0426592,"Action, Comedy, Sci-Fi",1,0,1,0,0,0,1,0
tt0422720,Drama,0,0,0,0,1,0,0,0
tt1570989,"Comedy, Drama",0,0,1,0,1,0,0,0
tt0102913,"Drama, Romance",0,0,0,0,1,1,0,0
tt2186933,Comedy,0,0,1,0,0,0,0,0
tt1070858,Drama,0,0,0,0,1,0,0,0
tt0090769,Drama,0,0,0,0,1,0,0,0
tt0116705,Comedy,0,0,1,0,0,0,0,0
tt0094142,"Comedy, Crime, Thriller",0,0,1,1,0,0,0,1
tt0380277,Comedy,0,0,1,0,0,0,0,0
tt0986263,"Action, Sci-Fi, Thriller",1,0,0,0,0,0,1,1
tt0172396,"Drama, Romance",0,0,0,0,1,1,0,0
tt0108234,"Action, Crime, Drama",1,0,0,1,1,0,0,0
tt0151150,"Action, Drama",1,0,0,0,1,0,0,0
tt0275491,"Crime, Drama",0,0,0,1,1,0,0,0
tt0090927,"Action, Adventure, Drama",1,1,0,0,1,0,0,0
tt0119349,Drama,0,0,0,0,1,0,0,0
tt0198781,"Adventure, Comedy",0,1,1,0,0,0,0,0
tt1458939,Comedy,0,0,1,0,0,0,0,0
tt0317198,"Comedy, Drama, Romance",0,0,1,0,1,1,0,0
tt0317648,"Action, Adventure",1,1,0,0,0,0,0,0
tt0089853,"Comedy, Romance",0,0,1,0,0,1,0,0
tt0315632,Thriller,0,0,0,0,0,0,0,1
tt0109707,"Comedy, Drama",0,0,1,0,1,0,0,0
tt0101252,"Comedy, Drama",0,0,1,0,1,0,0,0
tt0104114,"Comedy, Crime",0,0,1,1,0,0,0,0
tt0117104,"Comedy, Drama, Romance",0,0,1,0,1,1,0,0
tt0293961,"Action, Thriller",1,0,0,0,0,0,0,1
tt0118783,Drama,0,0,0,0,1,0,0,0
tt0100224,"Action, Crime, Thriller",1,0,0,1,0,0,0,1
tt0119395,"Action, Adventure, Crime",1,1,0,1,0,0,0,0
tt0102951,"Comedy, Romance",0,0,1,0,0,1,0,0
tt2193364,"Action, Drama",1,0,0,0,1,0,0,0
tt0089003,"Action, Crime, Drama",1,0,0,1,1,0,0,0
tt3957716,"Comedy, Romance",0,0,1,0,0,1,0,0
tt0120301,"Comedy, Drama",0,0,1,0,1,0,0,0
tt0314786,"Action, Comedy, Thriller",1,0,1,0,0,0,0,1
tt1433905,"Action, Comedy, Drama",1,0,1,0,1,0,0,0
tt0212380,"Comedy, Drama, Romance",0,0,1,0,1,1,0,0
tt0107322,Drama,0,0,0,0,1,0,0,0
tt1790886,Comedy,0,0,1,0,0,0,0,0
tt0446755,"Drama, Romance",0,0,0,0,1,1,0,0
tt0085995,"Adventure, Comedy",0,1,1,0,0,0,0,0
tt0216216,"Action, Sci-Fi",1,0,0,0,0,0,1,0
tt0191074,"Drama, Thriller",0,0,0,0,1,0,0,1
tt0824375,Drama,0,0,0,0,1,0,0,0
tt0119210,"Crime, Thriller",0,0,0,1,0,0,0,1
tt0108473,Drama,0,0,0,0,1,0,0,0
tt0114609,Thriller,0,0,0,0,0,0,0,1
tt0198386,"Comedy, Crime",0,0,1,1,0,0,0,0
tt0814022,"Action, Crime, Thriller",1,0,0,1,0,0,0,1
tt0804516,"Crime, Thriller",0,0,0,1,0,0,0,1
tt0384533,"Comedy, Drama",0,0,1,0,1,0,0,0
tt0118998,Comedy,0,0,1,0,0,0,0,0
tt0095047,Comedy,0,0,1,0,0,0,0,0
tt0120383,"Action, Crime, Drama",1,0,0,1,1,0,0,0
tt0190255,Drama,0,0,0,0,1,0,0,0
tt0458352,"Comedy, Drama, Romance",0,0,1,0,1,1,0,0
tt1549920,"Action, Crime, Thriller",1,0,0,1,0,0,0,1
tt0119013,"Action, Comedy, Sci-Fi",1,0,1,0,0,0,1,0
tt0116040,"Action, Adventure, Drama",1,1,0,0,1,0,0,0
tt0109493,"Action, Comedy, Crime",1,0,1,1,0,0,0,0
tt0102048,"Crime, Drama, Thriller",0,0,0,1,1,0,0,1
tt0499375,Drama,0,0,0,0,1,0,0,0
tt0110971,"Comedy, Drama",0,0,1,0,1,0,0,0
tt0112857,"Crime, Drama",0,0,0,1,1,0,0,0
tt0094894,"Action, Crime, Drama",1,0,0,1,1,0,0,0
tt0113044,"Crime, Drama",0,0,0,1,1,0,0,0
tt0141109,"Comedy, Drama",0,0,1,0,1,0,0,0
tt0087525,"Comedy, Romance",0,0,1,0,0,1,0,0
tt0295238,"Drama, Romance",0,0,0,0,1,1,0,0
tt0255819,"Comedy, Crime, Drama",0,0,1,1,1,0,0,0
tt0279113,"Comedy, Drama, Romance",0,0,1,0,1,1,0,0
tt1007029,Drama,0,0,0,0,1,0,0,0
tt0250774,Romance,0,0,0,0,0,1,0,0
tt0122459,"Comedy, Drama, Romance",0,0,1,0,1,1,0,0
tt0158493,"Crime, Drama",0,0,0,1,1,0,0,0
tt1073498,Comedy,0,0,1,0,0,0,0,0
tt0085701,Romance,0,0,0,0,0,1,0,0
tt0182000,"Crime, Drama",0,0,0,1,1,0,0,0
tt1156398,"Adventure, Comedy",0,1,1,0,0,0,0,0
tt0830361,Action,1,0,0,0,0,0,0,0
tt0110363,Comedy,0,0,1,0,0,0,0,0
tt0102741,"Comedy, Drama",0,0,1,0,1,0,0,0
tt1535421,"Action, Adventure",1,1,0,0,0,0,0,0
tt0389831,"Comedy, Crime",0,0,1,1,0,0,0,0
tt2124074,Drama,0,0,0,0,1,0,0,0
tt0105156,"Drama, Thriller",0,0,0,0,1,0,0,1
tt0112641,"Crime, Drama",0,0,0,1,1,0,0,0
tt0094304,Drama,0,0,0,0,1,0,0,0
tt0295715,Comedy,0,0,1,0,0,0,0,0
tt0104692,Sci-Fi,0,0,0,0,0,0,1,0
tt0486578,"Comedy, Crime, Drama",0,0,1,1,1,0,0,0
tt0107009,"Sci-Fi, Thriller",0,0,0,0,0,0,1,1
tt0119572,"Drama, Romance",0,0,0,0,1,1,0,0
tt1487931,Adventure,0,1,0,0,0,0,0,0
tt0477051,"Comedy, Drama, Romance",0,0,1,0,1,1,0,0
tt3060492,Drama,0,0,0,0,1,0,0,0
tt0120577,Drama,0,0,0,0,1,0,0,0
tt1182937,"Comedy, Drama",0,0,1,0,1,0,0,0
tt0103015,Comedy,0,0,1,0,0,0,0,0
tt0109021,Drama,0,0,0,0,1,0,0,0
tt0085549,"Drama, Romance",0,0,0,0,1,1,0,0
tt1046163,"Comedy, Romance",0,0,1,0,0,1,0,0
tt1763303,"Comedy, Drama, Romance",0,0,1,0,1,1,0,0
tt0107798,"Crime, Drama",0,0,0,1,1,0,0,0
tt0093209,"Comedy, Drama, Romance",0,0,1,0,1,1,0,0
tt0262396,"Crime, Drama, Thriller",0,0,0,1,1,0,0,1
tt0086985,Drama,0,0,0,0,1,0,0,0
tt0259711,Romance,0,0,0,0,0,1,0,0
tt0309593,Thriller,0,0,0,0,0,0,0,1
tt0462395,"Comedy, Romance",0,0,1,0,0,1,0,0
tt0103772,"Drama, Thriller",0,0,0,0,1,0,0,1
tt0120765,"Comedy, Drama",0,0,1,0,1,0,0,0
tt0098282,"Comedy, Crime",0,0,1,1,0,0,0,0
tt2201548,"Drama, Romance",0,0,0,0,1,1,0,0
tt0103897,Drama,0,0,0,0,1,0,0,0
tt0113851,"Comedy, Drama, Romance",0,0,1,0,1,1,0,0
tt0323642,Adventure,0,1,0,0,0,0,0,0
tt0203027,"Action, Thriller",1,0,0,0,0,0,0,1
tt0086491,Sci-Fi,0,0,0,0,0,0,1,0
tt0144715,"Comedy, Drama",0,0,1,0,1,0,0,0
tt1790864,"Action, Sci-Fi",1,0,0,0,0,0,1,0
tt0299458,"Drama, Romance",0,0,0,0,1,1,0,0
tt1979172,Comedy,0,0,1,0,0,0,0,0
tt0118929,"Drama, Sci-Fi",0,0,0,0,1,0,1,0
tt0091396,"Comedy, Crime, Romance",0,0,1,1,0,1,0,0
tt0119695,"Action, Comedy, Crime",1,0,1,1,0,0,0,0
tt0090180,"Action, Crime, Drama",1,0,0,1,1,0,0,0
tt0419887,Drama,0,0,0,0,1,0,0,0
tt0110093,"Action, Comedy, Romance",1,0,1,0,0,1,0,0
tt0093378,Drama,0,0,0,0,1,0,0,0
tt0292527,"Comedy, Drama, Romance",0,0,1,0,1,1,0,0
tt1592525,"Action, Drama, Sci-Fi",1,0,0,0,1,0,1,0
tt2407826,Comedy,0,0,1,0,0,0,0,0
tt2545118,Drama,0,0,0,0,1,0,0,0
tt0119738,"Comedy, Romance",0,0,1,0,0,1,0,0
tt0090037,"Drama, Romance, Thriller",0,0,0,0,1,1,0,1
tt0097276,"Comedy, Drama, Romance",0,0,1,0,1,1,0,0
tt0144120,Comedy,0,0,1,0,0,0,0,0
tt0118715,"Comedy, Crime",0,0,1,1,0,0,0,0
tt0196857,"Comedy, Drama",0,0,1,0,1,0,0,0
tt0107152,Drama,0,0,0,0,1,0,0,0
tt0100403,"Action, Sci-Fi",1,0,0,0,0,0,1,0
tt0814005,Drama,0,0,0,0,1,0,0,0
tt0086510,Drama,0,0,0,0,1,0,0,0
tt0821442,"Crime, Drama, Thriller",0,0,0,1,1,0,0,1
tt0109015,"Action, Comedy",1,0,1,0,0,0,0,0
tt0832266,"Comedy, Drama, Romance",0,0,1,0,1,1,0,0
tt0116629,"Action, Adventure, Sci-Fi",1,1,0,0,0,0,1,0
tt1151915,"Comedy, Drama, Romance",0,0,1,0,1,1,0,0
tt0116410,Drama,0,0,0,0,1,0,0,0
tt0091738,"Comedy, Drama",0,0,1,0,1,0,0,0
tt1866249,"Comedy, Drama",0,0,1,0,1,0,0,0
tt0775552,"Adventure, Comedy",0,1,1,0,0,0,0,0
tt0099578,"Crime, Thriller",0,0,0,1,0,0,0,1
tt0397044,Drama,0,0,0,0,1,0,0,0
tt1713476,"Sci-Fi, Thriller",0,0,0,0,0,0,1,1
tt0098022,"Adventure, Romance",0,1,0,0,0,1,0,0
tt2083355,"Comedy, Drama",0,0,1,0,1,0,0,0
tt0462302,Drama,0,0,0,0,1,0,0,0
tt2706264,Action,1,0,0,0,0,0,0,0
tt1046173,"Action, Adventure, Sci-Fi",1,1,0,0,0,0,1,0
tt0104257,"Drama, Thriller",0,0,0,0,1,0,0,1
tt1049413,"Adventure, Comedy",0,1,1,0,0,0,0,0
tt0091164,"Drama, Thriller",0,0,0,0,1,0,0,1
tt2734552,Drama,0,0,0,0,1,0,0,0
tt0150992,"Comedy, Drama",0,0,1,0,1,0,0,0
tt1142988,"Comedy, Romance",0,0,1,0,0,1,0,0
tt0499554,"Comedy, Crime",0,0,1,1,0,0,0,0
tt0091786,Drama,0,0,0,0,1,0,0,0
tt2537176,Crime,0,0,0,1,0,0,0,0
tt1840417,"Drama, Romance",0,0,0,0,1,1,0,0
tt0337996,Comedy,0,0,1,0,0,0,0,0
tt1176740,"Comedy, Drama, Romance",0,0,1,0,1,1,0,0
tt0251114,Drama,0,0,0,0,1,0,0,0
tt0088885,"Adventure, Comedy",0,1,1,0,0,0,0,0
tt0465234,"Action, Adventure",1,1,0,0,0,0,0,0
tt0107034,"Drama, Thriller",0,0,0,0,1,0,0,1
tt2404555,Drama,0,0,0,0,1,0,0,0
tt0114436,Drama,0,0,0,0,1,0,0,0
tt4294084,Drama,0,0,0,0,1,0,0,0
tt0317950,"Comedy, Romance",0,0,1,0,0,1,0,0
tt1127877,"Comedy, Drama",0,0,1,0,1,0,0,0
tt0445990,Drama,0,0,0,0,1,0,0,0
tt3082826,"Comedy, Drama",0,0,1,0,1,0,0,0
tt0087629,Thriller,0,0,0,0,0,0,0,1
tt1918965,"Action, Crime, Drama",1,0,0,1,1,0,0,0
tt0331953,"Comedy, Thriller",0,0,1,0,0,0,0,1
tt0303714,"Comedy, Drama",0,0,1,0,1,0,0,0
tt2176228,Drama,0,0,0,0,1,0,0,0
tt0164181,Thriller,0,0,0,0,0,0,0,1
tt0103596,"Action, Comedy",1,0,1,0,0,0,0,0
tt0095271,Thriller,0,0,0,0,0,0,0,1
tt1033643,"Comedy, Romance",0,0,1,0,0,1,0,0
tt0086637,Comedy,0,0,1,0,0,0,0,0
tt0268380,"Adventure, Comedy",0,1,1,0,0,0,0,0
tt1588173,"Comedy, Romance",0,0,1,0,0,1,0,0
tt0087980,"Drama, Romance",0,0,0,0,1,1,0,0
tt0289992,"Crime, Drama, Thriller",0,0,0,1,1,0,0,1
tt0119557,Drama,0,0,0,0,1,0,0,0
tt0277434,"Action, Drama",1,0,0,0,1,0,0,0
tt0410377,"Adventure, Comedy",0,1,1,0,0,0,0,0
tt0119336,"Comedy, Drama",0,0,1,0,1,0,0,0
tt1918886,"Comedy, Sci-Fi",0,0,1,0,0,0,1,0
tt0107290,"Adventure, Sci-Fi, Thriller",0,1,0,0,0,0,1,1
tt0443431,"Comedy, Romance",0,0,1,0,0,1,0,0
tt0297181,"Action, Adventure, Comedy",1,1,1,0,0,0,0,0
tt1144804,"Action, Comedy, Romance",1,0,1,0,0,1,0,0
tt0484740,"Drama, Romance",0,0,0,0,1,1,0,0
tt0098659,Drama,0,0,0,0,1,0,0,0
tt0117688,"Action, Sci-Fi, Thriller",1,0,0,0,0,0,1,1
tt0279889,"Comedy, Drama",0,0,1,0,1,0,0,0
tt0098627,Comedy,0,0,1,0,0,0,0,0
tt0086361,"Drama, Romance",0,0,0,0,1,1,0,0
tt1294226,"Drama, Romance",0,0,0,0,1,1,0,0
